{
  "marketing_stripe": {
    "text": "",
    "link": ""
  },
  "contacts_stripe": {
    "pages": [
      {
        "title": "varaldotorcedoroficial@gmail.com"
      }
    ],
    "phone_wpp": true,
    "socials": true
  },
  "categories_list": {
    "featured": [
      "/lancamentos-2020/2021?Lançamentos",
      "/futebol/?Futebol",
      "/linha-retro/?Linha Retrô",
      "/tenis/?Tênis",
      "/chuteiras/?Chuteiras",
      "/u_10391/?Acessórios ",
      "/nba/?NBA"
    ],
    "random": 5,
    "full_width": true
  },
  "search_input": true
}