{
  "meta_title": "Varal do Torcedor",
  "meta_description": "Varal,camisas,Torcedor,Nba",
  "sections": [
    {
      "type": "banner-slider",
      "autoplay": 2000,
      "slides": [
        {
          "start": "2020-12-20T04:41:34.000Z",
          "end": "2022-12-20T04:41:00.000Z",
          "img": "/img/uploads/retro-1-1-.png",
          "mobile_img": "/img/uploads/retro-1-1-.png"
        },
        {
          "start": "2020-12-20T04:46:51.125Z",
          "end": "2022-12-20T04:45:00.000Z",
          "img": "/img/uploads/copia-de-retro-1-.png",
          "link": "https://varaldotorcedor.netlify.app/premier-league/",
          "alt": "Clique aqui"
        },
        {
          "start": "",
          "end": "",
          "img": "/img/uploads/brasileirao-1-.png",
          "link": "https://varaldotorcedor.netlify.app/campeonato-brasileiro/"
        }
      ]
    },
    {
      "type": "collection-shelf",
      "shuffle": true,
      "collection_id": "5fadb91080c6216a3fc55229:categories:Futebol:/futebol/",
      "limit": 24,
      "page": 4,
      "sort": "news",
      "headless": false,
      "title": "Lançamentos"
    },
    {
      "type": "collection-shelf",
      "shuffle": true,
      "limit": 10,
      "page": 5,
      "collection_id": "5fadb94380c6216a3fc55296:categories:Campeonato Brasileiro:/campeonato-brasileiro/",
      "sort": "news"
    },
    {
      "type": "info-bar",
      "enabled": true
    }
  ]
}